<AimmsCSVMapping>
    <RowMapping name="data">
        <ColumnMapping name="id" binds-to="i_id"/>
        <ColumnMapping name="target" maps-to="p_target(i_id)"/>
        <ColumnMapping name="comment_text" maps-to="sp_commenttext(i_id)"/>
        <ColumnMapping name="severe_toxicity" maps-to="p_severetoxicity(i_id)"/>
        <ColumnMapping name="obscene" maps-to="p_obscene(i_id)"/>
        <ColumnMapping name="identity_attack" maps-to="p_identityattack(i_id)"/>
        <ColumnMapping name="insult" maps-to="p_insult(i_id)"/>
        <ColumnMapping name="threat" maps-to="p_threat(i_id)"/>
        <ColumnMapping name="asian" maps-to="p_asian(i_id)"/>
        <ColumnMapping name="atheist" maps-to="p_atheist(i_id)"/>
        <ColumnMapping name="bisexual" maps-to="p_bisexual(i_id)"/>
        <ColumnMapping name="black" maps-to="p_black(i_id)"/>
        <ColumnMapping name="buddhist" maps-to="p_buddhist(i_id)"/>
        <ColumnMapping name="christian" maps-to="p_christian(i_id)"/>
        <ColumnMapping name="female" maps-to="p_female(i_id)"/>
        <ColumnMapping name="heterosexual" maps-to="p_heterosexual(i_id)"/>
        <ColumnMapping name="hindu" maps-to="p_hindu(i_id)"/>
        <ColumnMapping name="homosexual_gay_or_lesbian" maps-to="p_homosexualgaylesbian(i_id)"/>
        <ColumnMapping name="intellectual_or_learning_disability" maps-to="p_intellectuallearningdisability(i_id)"/>
        <ColumnMapping name="jewish" maps-to="p_jewish(i_id)"/>
        <ColumnMapping name="latino" maps-to="p_latino(i_id)"/>
        <ColumnMapping name="male" maps-to="p_male(i_id)"/>
        <ColumnMapping name="muslim" maps-to="p_muslim(i_id)"/>
        <ColumnMapping name="other_disability" maps-to="p_otherdisability(i_id)"/>
        <ColumnMapping name="other_gender" maps-to="p_othergender(i_id)"/>
        <ColumnMapping name="other_race_or_ethnicity" maps-to="p_otherraceethnicity(i_id)"/>
        <ColumnMapping name="other_religion" maps-to="p_otherreligion(i_id)"/>
        <ColumnMapping name="other_sexual_orientation" maps-to="p_othersexualorientation(i_id)"/>
        <ColumnMapping name="physical_disability" maps-to="p_physicaldisability(i_id)"/>
        <ColumnMapping name="psychiatric_or_mental_illness" maps-to="p_psychiatricmentalillness(i_id)"/>
        <ColumnMapping name="transgender" maps-to="p_transgender(i_id)"/>
        <ColumnMapping name="white" maps-to="p_white(i_id)"/>
        <ColumnMapping name="created_date" maps-to="sp_createddate(i_id)"/>
        <ColumnMapping name="publication_id" maps-to="p_publicationid(i_id)"/>
        <ColumnMapping name="parent_id" maps-to="p_parentid(i_id)"/>
        <ColumnMapping name="article_id" maps-to="p_articleid(i_id)"/>
        <ColumnMapping name="rating" maps-to="sp_rating(i_id)"/>
        <ColumnMapping name="funny" maps-to="p_funny(i_id)"/>
        <ColumnMapping name="wow" maps-to="p_wow(i_id)"/>
        <ColumnMapping name="sad" maps-to="p_sad(i_id)"/>
        <ColumnMapping name="likes" maps-to="p_likes(i_id)"/>
        <ColumnMapping name="disagree" maps-to="p_disagree(i_id)"/>
        <ColumnMapping name="sexual_explicit" maps-to="p_sexualexplicit(i_id)"/>
        <ColumnMapping name="identity_annotator_count" maps-to="p_identityannotatorcount(i_id)"/>
        <ColumnMapping name="toxicity_annotator_count" maps-to="p_toxicityannotatorcount(i_id)"/>
    </RowMapping>
</AimmsCSVMapping>